{"high": 5.559999942779541, "low": 5.139999866485596, "open": 5.199999809265137, "close": 5.449999809265137, "volume": 1043100.0, "adj_close": 5.449999809265137, "MACD_12_26_9": -0.3383452605210442, "MACDh_12_26_9": -0.16166565147359616, "MACDs_12_26_9": -0.17667960904744803, "RSI_14": 38.44141203608552, "SMA_5": 5.807999992370606, "SMA_20": 6.729999995231628, "SMA_50": 7.038199996948242, "SMA_180": 4.405500008000268, "LRm_3": -0.2650001049041748, "LR_3": 5.394999901453654, "INC_2": 0.0, "ROC_2": -8.862879734412868, "PSL_3": 0.0, "CDL_DOJI_3_0.1": 0.0, "TRUERANGE_1": 0.4200000762939453, "Z_30": -1.3987970245190715, "OBV": 398920000.0, "dif_M50M180": 2.632699988947974, "ratio_M50M180": 1.000899760380373, "dif_M5M20": -0.9220000028610222, "ratio_M5M20": 1.2967651427069349, "dif_M20M50": -0.30820000171661377, "ratio_M20M50": -5.81509573227948, "ratio_MACDh_12_26_9": 1.2526916707642877, "obv_pct_delta": -0.006518198931954711, "obv_pct_slope": -1.3086499999999999, "sma_5_slope": -0.2749999999999999, "macd_slope": -0.0553638595923136, "LRm_3_pct_delta": -7.625008940705243, "tr_pct_delta": 0.04999994039536948, "M_ovr_S": 0.0, "sma5_ovr_sma20": 0.0, "sma20_ovr_sma50": 0.0, "sma50_ovr_sma180": 1.0, "Z_30_pct_delta": 0.4202040299932013}