{"high": 41.470001220703125, "low": 38.36000061035156, "open": 38.81999969482422, "close": 41.290000915527344, "volume": 1384100.0, "adj_close": 41.290000915527344, "MACD_12_26_9": 1.7606076618188737, "MACDh_12_26_9": -0.15843382648806803, "MACDs_12_26_9": 1.9190414883069418, "RSI_14": 60.86556264670768, "SMA_5": 41.38400039672852, "SMA_20": 39.49849987030029, "SMA_50": 35.12220001220703, "SMA_180": 23.27111112806532, "LRm_3": -0.3400001525878906, "LR_3": 40.58000055948893, "INC_2": 0.0, "ROC_2": -1.620205588272292, "PSL_3": 33.333333333333336, "CDL_DOJI_3_0.1": 0.0, "TRUERANGE_1": 3.1100006103515625, "Z_30": 1.1388146133647414, "OBV": 56405400.0, "dif_M50M180": 11.85108888414171, "ratio_M50M180": 1.0160001743806997, "dif_M5M20": 1.885500526428224, "ratio_M5M20": 0.8866682686059293, "dif_M20M50": 4.376299858093262, "ratio_M20M50": 0.9744383503322133, "ratio_MACDh_12_26_9": -6.2451721597921335, "obv_pct_delta": -0.0017697423609071006, "obv_pct_slope": -0.049999999999999996, "sma_5_slope": 0.07700004577636932, "macd_slope": -0.13067448225829992, "LRm_3_pct_delta": -0.7269076920484298, "tr_pct_delta": 1.4108514753109418, "M_ovr_S": 0.0, "sma5_ovr_sma20": 1.0, "sma20_ovr_sma50": 1.0, "sma50_ovr_sma180": 1.0, "Z_30_pct_delta": -0.1877748060387434}