{"high": 5.690000057220459, "low": 4.659999847412109, "open": 5.650000095367432, "close": 4.829999923706055, "volume": 23644800.0, "adj_close": 4.829999923706055, "MACD_12_26_9": 0.6257937775929596, "MACDh_12_26_9": 0.032036973941318325, "MACDs_12_26_9": 0.5937568036516413, "RSI_14": 56.59397683915961, "SMA_5": 5.4520000457763675, "SMA_20": 4.506499981880188, "SMA_50": 3.347699990272522, "SMA_180": 1.5817666646507051, "LRm_3": -0.46000003814697266, "LR_3": 5.026666641235352, "INC_2": 0.0, "ROC_2": -16.000001326851223, "PSL_3": 66.66666666666667, "CDL_DOJI_3_0.1": 0.0, "TRUERANGE_1": 1.2200002670288086, "Z_30": 0.8425152345767005, "OBV": 69443700.0, "dif_M50M180": 1.765933325621817, "ratio_M50M180": 1.062751799312532, "dif_M5M20": 0.9455000638961799, "ratio_M5M20": 1.0750426429019069, "dif_M20M50": 1.1587999916076654, "ratio_M20M50": 1.0238557990503891, "ratio_MACDh_12_26_9": 0.32021036358529614, "obv_pct_delta": -0.19618369650143241, "obv_pct_slope": -8.4744, "sma_5_slope": 0.12300000190734872, "macd_slope": -0.016734874529868993, "LRm_3_pct_delta": -2.483871364692817, "tr_pct_delta": 2.6969713608646626, "M_ovr_S": 1.0, "sma5_ovr_sma20": 1.0, "sma20_ovr_sma50": 1.0, "sma50_ovr_sma180": 1.0, "Z_30_pct_delta": -0.5990629247091387}