{"high": 41.7400016784668, "low": 39.93000030517578, "open": 39.93000030517578, "close": 41.540000915527344, "volume": 18651500.0, "adj_close": 41.540000915527344, "MACD_12_26_9": 1.402735908357009, "MACDh_12_26_9": 0.3224919778584767, "MACDs_12_26_9": 1.0802439304985323, "RSI_14": 67.24878213917312, "SMA_5": 39.11600036621094, "SMA_20": 37.05750026702881, "SMA_50": 35.52500007629394, "SMA_180": 25.95283335579766, "LRm_3": 1.4150009155273438, "LR_3": 41.23833465576172, "INC_2": 1.0, "ROC_2": 7.310777313321759, "PSL_3": 100.0, "CDL_DOJI_3_0.1": 0.0, "TRUERANGE_1": 2.520000457763672, "Z_30": 2.147745839564467, "OBV": 1443248800.0, "dif_M50M180": 9.57216672049628, "ratio_M50M180": 0.9798166854555986, "dif_M5M20": 2.058500099182133, "ratio_M5M20": 0.9788401230462528, "dif_M20M50": 1.532500190734865, "ratio_M20M50": 1.4727082169039891, "ratio_MACDh_12_26_9": 1.7035015984492325, "obv_pct_delta": 0.03228698839524635, "obv_pct_slope": 22.570349999999998, "sma_5_slope": 0.2720005035400419, "macd_slope": 0.13089616055739128, "LRm_3_pct_delta": 0.8741707466185662, "tr_pct_delta": 0.5949351502216385, "M_ovr_S": 1.0, "sma5_ovr_sma20": 1.0, "sma20_ovr_sma50": 1.0, "sma50_ovr_sma180": 1.0, "Z_30_pct_delta": 0.5353773624355946}