{"high": 413.9599914550781, "low": 410.8699951171875, "open": 412.8299865722656, "close": 411.45001220703125, "volume": 61506600.0, "adj_close": 411.45001220703125, "MACD_12_26_9": 6.147634324587727, "MACDh_12_26_9": 1.2324257830267324, "MACDs_12_26_9": 4.915208541560995, "RSI_14": 69.7895723397385, "SMA_5": 411.19199829101564, "SMA_20": 399.79949951171875, "SMA_50": 392.7631994628906, "SMA_180": 363.1802232530382, "LRm_3": -0.095001220703125, "LR_3": 411.8883361816406, "INC_2": 0.0, "ROC_2": -0.04615742752038385, "PSL_3": 66.66666666666667, "CDL_DOJI_3_0.1": 0.0, "TRUERANGE_1": 3.089996337890625, "Z_30": 1.5827129626092369, "OBV": 3238031400.0, "dif_M50M180": 29.582976209852404, "ratio_M50M180": 1.019261096297792, "dif_M5M20": 11.392498779296886, "ratio_M5M20": 1.067513297111811, "dif_M20M50": 7.036300048828139, "ratio_M20M50": 1.0056166823027324, "ratio_MACDh_12_26_9": 0.8022838530571368, "obv_pct_delta": -0.0015280973990953184, "obv_pct_slope": -2.4778, "sma_5_slope": 1.1600006103515739, "macd_slope": 0.18696919093750353, "LRm_3_pct_delta": -1.1386884077341175, "tr_pct_delta": 0.786145215918713, "M_ovr_S": 1.0, "sma5_ovr_sma20": 1.0, "sma20_ovr_sma50": 1.0, "sma50_ovr_sma180": 1.0}