{"high": 15.199999809265137, "low": 13.949999809265137, "open": 14.15999984741211, "close": 14.40999984741211, "volume": 10932900.0, "adj_close": 14.40999984741211, "MACD_12_26_9": -1.0611485135999565, "MACDh_12_26_9": -0.35104875748928543, "MACDs_12_26_9": -0.7100997561106711, "RSI_14": 39.90340659158355, "SMA_5": 14.244000053405761, "SMA_20": 16.502000427246095, "SMA_50": 18.132900142669676, "SMA_180": 9.843861174583434, "LRm_3": 0.4099998474121094, "LR_3": 14.456666628519693, "INC_2": 1.0, "ROC_2": 6.033846104615896, "PSL_3": 66.66666666666667, "CDL_DOJI_3_0.1": 0.0, "TRUERANGE_1": 1.2500000000000002, "Z_30": -1.4092978444653224, "OBV": 561083600.0, "dif_M50M180": 8.289038968086242, "ratio_M50M180": 0.9771154773546339, "dif_M5M20": -2.258000373840334, "ratio_M5M20": 0.9326724737585481, "dif_M20M50": -1.6308997154235811, "ratio_M20M50": 1.3349432013312812, "ratio_MACDh_12_26_9": 0.7319686253409865, "obv_pct_delta": 0.03881074077646662, "obv_pct_slope": 10.48125, "sma_5_slope": -0.16800003051757795, "macd_slope": -0.033165647024063105, "LRm_3_pct_delta": -10.111188818598935, "tr_pct_delta": 0.015434650065037303, "M_ovr_S": 0.0, "sma5_ovr_sma20": 0.0, "sma20_ovr_sma50": 0.0, "sma50_ovr_sma180": 1.0, "Z_30_pct_delta": -0.2879922032347306}