{"slope": 9.089996337890625, "trend_estimate": 696.6899922688802, "trend_direction": 1.0, "roc": 2.6586711027092806, "psl": 66.66666666666667, "doji": 0.0, "true_range": 27.7799072265625, "zscore": 1.0986618142014877, "obv_pct_delta": 0.19, "obv_pct_slope": 3.634, "sma_5_slope": 2.62, "macd_slope": 2.269}