{"LRm_3": 42.649993896484375, "LR_3": 756.423329671224, "trend_direction": 1.0, "ROC_2": 12.599330201790504, "PSL_3": 66.66666666666667, "CDL_DOJI_3_0.1": 0.0, "TRUERANGE_1": 61.02001953125, "Z_30": 2.5288420312884794, "obv_pct_delta": 1.95, "obv_pct_slope": 36.835, "sma_5_slope": 8.163, "macd_slope": 5.24, "RSI_14": 63.008, "ratio_MACDh_12_26_9": 1.6402738414098248, "ratio_M20M50": 0.8787940973992151}