{"high": 42.189998626708984, "low": 40.72999954223633, "open": 42.0, "close": 42.06999969482422, "volume": 25182200.0, "adj_close": 42.06999969482422, "MACD_12_26_9": 1.5944686894578695, "MACDh_12_26_9": 0.4113798071674697, "MACDs_12_26_9": 1.1830888822903998, "RSI_14": 68.48686846071985, "SMA_5": 39.85, "SMA_20": 37.442500305175784, "SMA_50": 35.60860008239746, "SMA_180": 26.10650002161662, "LRm_3": 1.4249992370605469, "LR_3": 42.368333180745445, "INC_2": 1.0, "ROC_2": 7.266696546191489, "PSL_3": 100.0, "CDL_DOJI_3_0.1": 1.0, "TRUERANGE_1": 1.4599990844726562, "Z_30": 2.121116012076466, "OBV": 1519633000.0, "dif_M50M180": 9.50210006078084, "ratio_M50M180": 0.9845908228371861, "dif_M5M20": 2.4074996948242173, "ratio_M5M20": 1.2046535305663533, "dif_M20M50": 1.8339002227783254, "ratio_M20M50": 1.4930391334529618, "ratio_MACDh_12_26_9": 2.1431132310184973, "obv_pct_delta": 0.029721832068186238, "obv_pct_slope": 21.9313, "sma_5_slope": 0.5860000610351577, "macd_slope": 0.20144672505864136, "LRm_3_pct_delta": 0.007065947041791754, "tr_pct_delta": 0.057972456725214006, "M_ovr_S": 1.0, "sma5_ovr_sma20": 1.0, "sma20_ovr_sma50": 1.0, "sma50_ovr_sma180": 1.0, "Z_30_pct_delta": 0.4250215121862455}