{"high": 308.0299987792969, "low": 301.95001220703125, "open": 307.29998779296875, "close": 302.82000732421875, "volume": 17421400.0, "adj_close": 302.82000732421875, "MACD_12_26_9": 9.87276668597184, "MACDh_12_26_9": 0.42493973201750634, "MACDs_12_26_9": 9.447826953954333, "RSI_14": 58.486944403869714, "SMA_5": 309.9200012207031, "SMA_20": 296.534001159668, "SMA_50": 278.2317999267578, "SMA_180": 271.88800014919707, "LRm_3": -4.3600006103515625, "LR_3": 303.6800079345703, "INC_2": 0.0, "ROC_2": -2.7989988385218143, "PSL_3": 0.0, "CDL_DOJI_3_0.1": 0.0, "TRUERANGE_1": 7.80999755859375, "Z_30": 0.9005699609360361, "OBV": 1603505700.0, "dif_M50M180": 6.343799777560719, "ratio_M50M180": 1.1917094567254862, "dif_M5M20": 13.386000061035134, "ratio_M5M20": 0.7555242547371781, "dif_M20M50": 18.302201232910193, "ratio_M20M50": 1.0659716620850457, "ratio_MACDh_12_26_9": 0.22008520677709184, "obv_pct_delta": -0.019240974113191478, "obv_pct_slope": -15.729149999999999, "sma_5_slope": -0.6769989013671989, "macd_slope": -0.528059569291571, "LRm_3_pct_delta": 4.891970471791488, "tr_pct_delta": 0.7240617357971961, "M_ovr_S": 1.0, "sma5_ovr_sma20": 1.0, "sma20_ovr_sma50": 1.0, "sma50_ovr_sma180": 1.0, "Z_30_pct_delta": -0.4106601862440401}